{"cameraMode":{"drawMode":0,"name":"Shaded","section":"Shading Mode"},"sceneLighting":false,"audioPlay":false,"sceneViewState":{"m_AlwaysRefresh":false,"showFog":true,"showSkybox":false,"showFlares":true,"showImageEffects":true,"showParticleSystems":true,"showVisualEffectGraphs":true,"m_FxEnabled":true},"in2DMode":false,"pivot":{"x":0.795204758644104,"y":0.04948192834854126,"z":0.3228098154067993},"rotation":{"x":-0.15893031656742097,"y":0.06570232659578324,"z":-0.010067940689623356,"w":-0.9852457642555237},"size":1.1340813636779786,"orthographic":false}