{"cameraMode":{"drawMode":0,"name":"Shaded","section":"Shading Mode"},"sceneLighting":false,"audioPlay":false,"sceneViewState":{"m_AlwaysRefresh":false,"showFog":true,"showSkybox":false,"showFlares":true,"showImageEffects":true,"showParticleSystems":true,"showVisualEffectGraphs":true,"m_FxEnabled":true},"in2DMode":false,"pivot":{"x":-0.39897823333740237,"y":-0.017879843711853029,"z":-0.2182145118713379},"rotation":{"x":-0.1979937106370926,"y":0.1975991129875183,"z":-0.040222249925136569,"w":-0.9594377875328064},"size":1.8426170349121094,"orthographic":false}