{"cameraMode":{"drawMode":0,"name":"Shaded","section":"Shading Mode"},"sceneLighting":false,"audioPlay":false,"sceneViewState":{"m_AlwaysRefresh":false,"showFog":true,"showSkybox":false,"showFlares":true,"showImageEffects":true,"showParticleSystems":true,"showVisualEffectGraphs":true,"m_FxEnabled":true},"in2DMode":false,"pivot":{"x":-0.17140041291713715,"y":0.007171861827373505,"z":-0.0003935098648071289},"rotation":{"x":-0.21829062700271607,"y":-0.18489815294742585,"z":0.04216282442212105,"w":-0.9572795629501343},"size":0.860334575176239,"orthographic":false}