{"cameraMode":{"drawMode":0,"name":"Shaded","section":"Shading Mode"},"sceneLighting":false,"audioPlay":false,"sceneViewState":{"m_AlwaysRefresh":false,"showFog":true,"showSkybox":false,"showFlares":true,"showImageEffects":true,"showParticleSystems":true,"showVisualEffectGraphs":true,"m_FxEnabled":true},"in2DMode":false,"pivot":{"x":0.022556837648153306,"y":-0.0015449710190296174,"z":0.00027242302894592285},"rotation":{"x":0.06829440593719483,"y":0.8177770376205444,"z":-0.09942365437746048,"w":0.5629804134368897},"size":0.1402219980955124,"orthographic":false}