{"cameraMode":{"drawMode":0,"name":"Shaded","section":"Shading Mode"},"sceneLighting":true,"audioPlay":false,"sceneViewState":{"m_AlwaysRefresh":false,"showFog":true,"showSkybox":true,"showFlares":true,"showImageEffects":true,"showParticleSystems":true,"showVisualEffectGraphs":true,"m_FxEnabled":true},"in2DMode":false,"pivot":{"x":-0.8799782991409302,"y":-0.25629723072052,"z":1.9088408946990967},"rotation":{"x":0.19650335609912873,"y":-0.19762885570526124,"z":0.04023418575525284,"w":0.9598154425621033},"size":1.6784603595733643,"orthographic":false}